Categorie;Pagina Titel;Bestandsnaam;URL;Afbeelding 1;Afbeelding 2;Afbeelding 3;Afbeelding 4;Afbeelding 5
Gevelreclame;Frontlit of backlit doosletters: welke kies je?;frontlit-of-backlit-doosletters;https://signcompany.nl/kennisbank/gevelreclame-frontlit-of-backlit-doosletters;;;;
Gevelreclame;Energieverbruik van lichtreclame: wat kost het per jaar?;gevelreclame-energieverbruik;https://signcompany.nl/kennisbank/gevelreclame-gevelreclame-energieverbruik;;;;
Gevelreclame;Gevelreclame bij een huurpand: wat mag je?;gevelreclame-huurpand;https://signcompany.nl/kennisbank/gevelreclame-gevelreclame-huurpand;;;;
Gevelreclame;Gevelreclame op glas of op de muur: wat is het verschil?;gevelreclame-op-glas-of-muur;https://signcompany.nl/kennisbank/gevelreclame-gevelreclame-op-glas-of-muur;;;;
Gevelreclame;Hoe groot mag gevelreclame zijn? Regels per gemeente;hoe-groot-mag-gevelreclame-zijn;https://signcompany.nl/kennisbank/gevelreclame-hoe-groot-mag-gevelreclame-zijn;;;;
Gevelreclame;Hoe lang gaat lichtreclame mee? Levensduur LED;hoe-lang-gaat-lichtreclame-mee;https://signcompany.nl/kennisbank/gevelreclame-hoe-lang-gaat-lichtreclame-mee;;;;
Gevelreclame;Hoe wordt gevelreclame bevestigd aan de muur?;hoe-wordt-gevelreclame-bevestigd;https://signcompany.nl/kennisbank/gevelreclame-hoe-wordt-gevelreclame-bevestigd;;;;
Gevelreclame;Is lichtreclame duur in gebruik? (energiekosten);is-lichtreclame-duur-in-gebruik;https://signcompany.nl/kennisbank/gevelreclame-is-lichtreclame-duur-in-gebruik;;;;
Gevelreclame;Kan ik mijn gevelreclame laten opknappen?;kan-ik-gevelreclame-laten-opknappen;https://signcompany.nl/kennisbank/gevelreclame-kan-ik-gevelreclame-laten-opknappen;;;;
Gevelreclame;LED, neon of doosletters: wat is het verschil?;led-neon-of-doosletters;https://signcompany.nl/kennisbank/gevelreclame-led-neon-of-doosletters;;;;
Gevelreclame;Mag gevelreclame 's nachts aan blijven?;mag-gevelreclame-s-nachts-aan;https://signcompany.nl/kennisbank/gevelreclame-mag-gevelreclame-s-nachts-aan;;;;
Gevelreclame;Onderhoud gevelreclame: tips voor langdurig resultaat;onderhoud-gevelreclame;https://signcompany.nl/kennisbank/gevelreclame-onderhoud-gevelreclame;;;;
Gevelreclame;Vergunning voor gevelreclame: wat moet je weten?;vergunning-gevelreclame;https://signcompany.nl/kennisbank/gevelreclame-vergunning-gevelreclame;;;;
Gevelreclame;Verlichte of onverlichte gevelreclame: wat is beter?;verlichte-of-onverlichte-gevelreclame;https://signcompany.nl/kennisbank/gevelreclame-verlichte-of-onverlichte-gevelreclame;;;;
Gevelreclame;Doosletters vs. freesletters: wat is het verschil?;verschil-doosletters-freesletters;https://signcompany.nl/kennisbank/gevelreclame-verschil-doosletters-freesletters;;;;
Gevelreclame;Wanneer moet ik mijn gevelreclame vervangen?;wanneer-gevelreclame-vervangen;https://signcompany.nl/kennisbank/gevelreclame-wanneer-gevelreclame-vervangen;;;;
Gevelreclame;Wat kost gevelreclame? Richtprijzen 2025;wat-kost-gevelreclame;https://signcompany.nl/kennisbank/gevelreclame-wat-kost-gevelreclame;;;;
Gevelreclame;Wat kost lichtreclame? Richtprijzen 2025;wat-kost-lichtreclame;https://signcompany.nl/kennisbank/gevelreclame-wat-kost-lichtreclame;;;;
Gevelreclame;Wat kosten doosletters? Prijzen 2025;wat-kosten-doosletters;https://signcompany.nl/kennisbank/gevelreclame-wat-kosten-doosletters;;;;
Gevelreclame;Welke gevelreclame past bij mijn bedrijf?;welke-gevelreclame-past-bij-mijn-bedrijf;https://signcompany.nl/kennisbank/gevelreclame-welke-gevelreclame-past-bij-mijn-bedrijf;;;;
Autobelettering;Kan autobelettering in de winter worden aangebracht?;autobelettering-in-de-winter-laten-plakken;https://signcompany.nl/kennisbank/autobelettering-autobelettering-in-de-winter-laten-plakken;;;;
Autobelettering;Autobelettering op een lease-auto: mag dat?;autobelettering-lease-auto;https://signcompany.nl/kennisbank/autobelettering-autobelettering-lease-auto;;;;
Autobelettering;Kan autobelettering over roest of krassen heen?;autobelettering-over-roest-of-krassen;https://signcompany.nl/kennisbank/autobelettering-autobelettering-over-roest-of-krassen;;;;
Autobelettering;Autobelettering verwijderen: zo werkt het;autobelettering-verwijderen;https://signcompany.nl/kennisbank/autobelettering-autobelettering-verwijderen;;;;
Autobelettering;Autobelettering wagenpark: Fleet branding voor bedrijven;autobelettering-wagenpark;https://signcompany.nl/kennisbank/autobelettering-autobelettering-wagenpark;;;;
Autobelettering;Autobelettering en de wasstraat: dit moet je weten;autobelettering-wasstraat;https://signcompany.nl/kennisbank/autobelettering-autobelettering-wasstraat;;;;
Autobelettering;Autobelettering zelf ontwerpen of laten doen?;autobelettering-zelf-ontwerpen-of-laten-doen;https://signcompany.nl/kennisbank/autobelettering-autobelettering-zelf-ontwerpen-of-laten-doen;;;;
Autobelettering;Beschadigt autobelettering je lak? Nee, het beschermt juist;beschadigt-autobelettering-je-lak;https://signcompany.nl/kennisbank/autobelettering-beschadigt-autobelettering-je-lak;;;;
Autobelettering;Hoe lang gaat autobelettering mee?;hoe-lang-gaat-autobelettering-mee;https://signcompany.nl/kennisbank/autobelettering-hoe-lang-gaat-autobelettering-mee;;;;
Autobelettering;Hoe lang moet autobelettering drogen? Uithardtijd folie;hoe-lang-moet-autobelettering-drogen;https://signcompany.nl/kennisbank/autobelettering-hoe-lang-moet-autobelettering-drogen;;;;
Autobelettering;Kun je autobelettering zelf verwijderen? Tips & risico's;kun-je-autobelettering-zelf-verwijderen;https://signcompany.nl/kennisbank/autobelettering-kun-je-autobelettering-zelf-verwijderen;;;;
Autobelettering;Mag je met autobelettering door de wasstraat?;mag-autobelettering-door-de-wasstraat;https://signcompany.nl/kennisbank/autobelettering-mag-autobelettering-door-de-wasstraat;;;;
Autobelettering;Onderhoud van autobelettering: tips voor langdurige kwaliteit;onderhoud-autobelettering;https://signcompany.nl/kennisbank/autobelettering-onderhoud-autobelettering;;;;
Autobelettering;Verschil autobelettering en carwrapping;verschil-autobelettering-carwrapping;https://signcompany.nl/kennisbank/autobelettering-verschil-autobelettering-carwrapping;;;;
Autobelettering;Wat kost autobelettering? Richtprijzen 2025;wat-kost-autobelettering;https://signcompany.nl/kennisbank/autobelettering-wat-kost-autobelettering;;;;
Autobelettering;Wat kost carwrapping? Richtprijzen 2025;wat-kost-carwrapping;https://signcompany.nl/kennisbank/autobelettering-wat-kost-carwrapping;;;;
Autobelettering;Welke folie voor autobelettering? Complete gids;welke-folie-autobelettering;https://signcompany.nl/kennisbank/autobelettering-welke-folie-autobelettering;;;;
Autobelettering;Witte of donkere auto beletteren: welke kleur valt meer op?;witte-of-donkere-auto-beletteren;https://signcompany.nl/kennisbank/autobelettering-witte-of-donkere-auto-beletteren;;;;
Raamfolie;Gaat raamfolie bubbelen? (en hoe voorkom je het);gaat-raamfolie-bubbelen;https://signcompany.nl/kennisbank/raamfolie-gaat-raamfolie-bubbelen;;;;
Raamfolie;Helpt raamfolie tegen warmte? Zonwerende folie uitgelegd;helpt-raamfolie-tegen-warmte;https://signcompany.nl/kennisbank/raamfolie-helpt-raamfolie-tegen-warmte;;;;
Raamfolie;Hoe lang gaat raamfolie mee? Levensduur & onderhoud;hoe-lang-gaat-raamfolie-mee;https://signcompany.nl/kennisbank/raamfolie-hoe-lang-gaat-raamfolie-mee;;;;
Raamfolie;Kun je door spiegelfolie naar buiten kijken?;kun-je-door-spiegelfolie-naar-buiten-kijken;https://signcompany.nl/kennisbank/raamfolie-kun-je-door-spiegelfolie-naar-buiten-kijken;;;;
Raamfolie;Kun je raamfolie weer verwijderen?;kun-je-raamfolie-weer-verwijderen;https://signcompany.nl/kennisbank/raamfolie-kun-je-raamfolie-weer-verwijderen;;;;
Raamfolie;Raamfolie of gordijnen: wat is beter voor kantoor?;raamfolie-of-gordijnen-wat-is-beter;https://signcompany.nl/kennisbank/raamfolie-raamfolie-of-gordijnen-wat-is-beter;;;;
Raamfolie;Raamfolie voor privacy op kantoor;raamfolie-privacy-kantoor;https://signcompany.nl/kennisbank/raamfolie-raamfolie-privacy-kantoor;;;;
Raamfolie;Raamfolie verwijderen: hoe doe je dat?;raamfolie-verwijderen;https://signcompany.nl/kennisbank/raamfolie-raamfolie-verwijderen;;;;
Raamfolie;Raamfolie zelf plakken of laten doen?;raamfolie-zelf-plakken-of-laten-doen;https://signcompany.nl/kennisbank/raamfolie-raamfolie-zelf-plakken-of-laten-doen;;;;
Raamfolie;Zonwerende raamfolie voor bedrijven;raamfolie-zonwering-bedrijf;https://signcompany.nl/kennisbank/raamfolie-raamfolie-zonwering-bedrijf;;;;
Raamfolie;Verschil raamfolie en glasfolie: wat is het?;verschil-raamfolie-glasfolie;https://signcompany.nl/kennisbank/raamfolie-verschil-raamfolie-glasfolie;;;;
Raamfolie;Wat kost raamfolie voor bedrijven? Richtprijzen 2025;wat-kost-raamfolie-bedrijf;https://signcompany.nl/kennisbank/raamfolie-wat-kost-raamfolie-bedrijf;;;;
Raamfolie;Welke raamfolie voor kantoor? Advies & tips;welke-raamfolie-kantoor;https://signcompany.nl/kennisbank/raamfolie-welke-raamfolie-kantoor;;;;
Raamfolie;Werkt privacy folie ook 's avonds? (spiegelfolie nachts);werkt-privacy-folie-ook-s-avonds;https://signcompany.nl/kennisbank/raamfolie-werkt-privacy-folie-ook-s-avonds;;;;
Bootstickers;Hoe lang gaat bootbelettering mee? Levensduur uitgelegd;hoe-lang-gaat-bootbelettering-mee;https://signcompany.nl/kennisbank/bootstickers-hoe-lang-gaat-bootbelettering-mee;;;;
Bootstickers;Wat kost bootbelettering? Richtprijzen 2025;wat-kost-bootbelettering;https://signcompany.nl/kennisbank/bootstickers-wat-kost-bootbelettering;;;;
Bootstickers;Welke folie voor boten? Maritieme folie uitgelegd;welke-folie-voor-boten;https://signcompany.nl/kennisbank/bootstickers-welke-folie-voor-boten;;;;
Event-promotie;Hoe lang gaat een spandoek mee? Levensduur uitgelegd;hoe-lang-gaat-spandoek-mee;https://signcompany.nl/kennisbank/event-promotie-hoe-lang-gaat-spandoek-mee;;;;
Event-promotie;Welk materiaal voor buitenspandoeken? PVC vs. Mesh;materiaal-buitenspandoeken;https://signcompany.nl/kennisbank/event-promotie-materiaal-buitenspandoeken;;;;
Event-promotie;Spandoekframe of vaste gevelreclame? De keuze uitgelegd;spandoekframe-of-vaste-gevelreclame;https://signcompany.nl/kennisbank/event-promotie-spandoekframe-of-vaste-gevelreclame;;;;
Event-promotie;Tijdelijke reclame voor je evenement: opties en tips;tijdelijke-reclame-evenement;https://signcompany.nl/kennisbank/event-promotie-tijdelijke-reclame-evenement;;;;
Event-promotie;Verschil spandoek en banner: welke kies je?;verschil-spandoek-banner;https://signcompany.nl/kennisbank/event-promotie-verschil-spandoek-banner;;;;
Event-promotie;Wat kost een beachvlag? Richtprijzen 2025;wat-kost-beachvlag;https://signcompany.nl/kennisbank/event-promotie-wat-kost-beachvlag;;;;
Interieur;Akoestiek verbeteren kantoor met akoestische panelen;akoestiek-verbeteren-kantoor;https://signcompany.nl/kennisbank/interieur-akoestiek-verbeteren-kantoor;;;;
Interieur;Fotobehang of textielframe? Vergelijking en advies;fotobehang-of-textielframe;https://signcompany.nl/kennisbank/interieur-fotobehang-of-textielframe;;;;
Interieur;Verplichte bewegwijzering: NEN-normen en brandveiligheid;verplichte-bewegwijzering;https://signcompany.nl/kennisbank/interieur-verplichte-bewegwijzering;;;;
Interieur;Wat is akoestisch behang? Werking en voordelen;wat-is-akoestisch-behang;https://signcompany.nl/kennisbank/interieur-wat-is-akoestisch-behang;;;;
Interieur;Wat kost bewegwijzering? Richtprijzen 2025;wat-kost-bewegwijzering;https://signcompany.nl/kennisbank/interieur-wat-kost-bewegwijzering;;;;
Interieur;Wat kost fotobehang? Richtprijzen 2025;wat-kost-fotobehang;https://signcompany.nl/kennisbank/interieur-wat-kost-fotobehang;;;;
Interieur;Wat kost interieurbranding? Richtprijzen 2025;wat-kost-interieurbranding;https://signcompany.nl/kennisbank/interieur-wat-kost-interieurbranding;;;;
Algemeen;Hoe lang duurt een signing project? Levertijden 2025;hoe-lang-duurt-een-signing-project;https://signcompany.nl/kennisbank/algemeen-hoe-lang-duurt-een-signing-project;;;;
Algemeen;Hoe onderhoud je buitenreclame? Tips voor langere levensduur;hoe-onderhoud-je-buitenreclame;https://signcompany.nl/kennisbank/algemeen-hoe-onderhoud-je-buitenreclame;;;;
Algemeen;Hoeveel reclame-uitingen heb ik nodig?;hoeveel-reclame-uitingen-heb-ik-nodig;https://signcompany.nl/kennisbank/algemeen-hoeveel-reclame-uitingen-heb-ik-nodig;;;;
Algemeen;Is signing aftrekbaar van de belasting?;is-signing-aftrekbaar-van-de-belasting;https://signcompany.nl/kennisbank/algemeen-is-signing-aftrekbaar-van-de-belasting;;;;
Algemeen;Kan ik mijn eigen ontwerp aanleveren?;kan-ik-mijn-eigen-ontwerp-aanleveren;https://signcompany.nl/kennisbank/algemeen-kan-ik-mijn-eigen-ontwerp-aanleveren;;;;
Algemeen;Hoe lang duurt het voordat mijn signing klaar is? Levertijden;levertijd-signing-hoe-lang-duurt-het;https://signcompany.nl/kennisbank/algemeen-levertijd-signing-hoe-lang-duurt-het;;;;
Algemeen;Is signing aftrekbaar van de belasting?;signing-aftrekbaar-belasting;https://signcompany.nl/kennisbank/algemeen-signing-aftrekbaar-belasting;;;;
Algemeen;Signing laten ontwerpen of eigen ontwerp aanleveren;signing-laten-ontwerpen;https://signcompany.nl/kennisbank/algemeen-signing-laten-ontwerpen;;;;
Algemeen;Verschil gegoten, polymeer en monomeer folie;verschil-gegoten-polymeer-monomeer-folie;https://signcompany.nl/kennisbank/algemeen-verschil-gegoten-polymeer-monomeer-folie;;;;
Algemeen;Wanneer is reclame vergunningsplichtig? Regels per gemeente;wanneer-is-reclame-vergunningsplichtig;https://signcompany.nl/kennisbank/algemeen-wanneer-is-reclame-vergunningsplichtig;;;;
Algemeen;Wat is het verschil tussen vinyl en folie?;wat-is-het-verschil-vinyl-en-folie;https://signcompany.nl/kennisbank/algemeen-wat-is-het-verschil-vinyl-en-folie;;;;
Algemeen;Wat kost montage van signing? Richtprijzen 2025;wat-kost-montage-signing;https://signcompany.nl/kennisbank/algemeen-wat-kost-montage-signing;;;;
Algemeen;Welke kleuren vallen het meeste op bij signing?;welke-kleuren-vallen-het-meeste-op;https://signcompany.nl/kennisbank/algemeen-welke-kleuren-vallen-het-meeste-op;;;;
;;;;;
=== NIEUW: 10 HIGH-VOLUME LONG-TAIL PAGINA'S ===;;;;;
Autobelettering;Wat kost bestelbus beletteren? Prijzen 2025;bestelbus-beletteren-kosten;https://signcompany.nl/kennisbank/autobelettering-bestelbus-beletteren-kosten;;;;
Autobelettering;Wat kost een bedrijfsauto wrappen? Carwrap prijzen 2025;bedrijfsauto-wrappen-prijs;https://signcompany.nl/kennisbank/autobelettering-bedrijfsauto-wrappen-prijs;;;;
Autobelettering;Wagenpark beletteren: kosten & voordelen fleet branding;wagenpark-beletteren-kosten;https://signcompany.nl/kennisbank/autobelettering-wagenpark-beletteren-kosten;;;;
Autobelettering;Foodtruck belettering laten maken | Eye-catching design;foodtruck-belettering;https://signcompany.nl/kennisbank/autobelettering-foodtruck-belettering;;;;
Autobelettering;Vrachtwagen beletteren: prijzen & mogelijkheden 2025;vrachtwagen-beletteren-prijs;https://signcompany.nl/kennisbank/autobelettering-vrachtwagen-beletteren-prijs;;;;
Bootstickers;Bootnaam stickers laten maken | Registratie & design;bootnaam-stickers-laten-maken;https://signcompany.nl/kennisbank/bootstickers-bootnaam-stickers-laten-maken;;;;
Raamfolie;Raamstickers voor bedrijf laten maken | Kantoor & winkel;raamstickers-bedrijf-laten-maken;https://signcompany.nl/kennisbank/raamfolie-raamstickers-bedrijf-laten-maken;;;;
Raamfolie;Etalage belettering laten maken | Winkelruit signing;etalage-belettering-laten-maken;https://signcompany.nl/kennisbank/raamfolie-etalage-belettering-laten-maken;;;;
Gevelreclame;Reclamebord laten maken: kosten & materialen 2025;reclamebord-laten-maken-kosten;https://signcompany.nl/kennisbank/gevelreclame-reclamebord-laten-maken-kosten;;;;
Gevelreclame;Pui belettering voor winkels | Complete geveloplossing;pui-belettering-winkel;https://signcompany.nl/kennisbank/gevelreclame-pui-belettering-winkel;;;;
;;;;;
=== NIEUW: 5 E-E-A-T AUTORITEITS-PAGINA'S (veel foto placeholders!) ===;;;;;
Algemeen;Sign Company: 42 jaar signing ervaring sinds 1983;sign-company-42-jaar-ervaring;https://signcompany.nl/kennisbank/algemeen-sign-company-42-jaar-ervaring;;;;
Algemeen;Hoe signing is veranderd: van ambacht naar high-tech (1983-nu);signing-evolutie-1983-nu;https://signcompany.nl/kennisbank/algemeen-signing-evolutie-1983-nu;;;;
Algemeen;Waarom kiezen voor een signing specialist? 7 redenen;waarom-signing-specialist;https://signcompany.nl/kennisbank/algemeen-waarom-signing-specialist;;;;
Algemeen;Onze werkwijze: van eerste idee tot perfecte montage;werkwijze-ontwerp-tot-montage;https://signcompany.nl/kennisbank/algemeen-werkwijze-ontwerp-tot-montage;;;;
Algemeen;Signing projecten door de jaren heen | Sign Company portfolio;historische-signing-projecten;https://signcompany.nl/kennisbank/algemeen-historische-signing-projecten;;;;

=== NIEUW: 10 "WAT IS...?" DEFINITIE-PAGINA'S (LLM/AEO OPTIMALISATIE) ===;;;;;
Algemeen;Wat is signing? Complete uitleg over bedrijfssigning;wat-is-signing;https://signcompany.nl/kennisbank/algemeen-wat-is-signing;;;;
Gevelreclame;Wat is gevelreclame? Alles over gevelsigning;wat-is-gevelreclame;https://signcompany.nl/kennisbank/gevelreclame-wat-is-gevelreclame;;;;
Gevelreclame;Wat zijn doosletters? Werking & voordelen;wat-zijn-doosletters;https://signcompany.nl/kennisbank/gevelreclame-wat-zijn-doosletters;;;;
Gevelreclame;Wat zijn freesletters? CNC-gefreesd signing;wat-zijn-freesletters;https://signcompany.nl/kennisbank/gevelreclame-wat-zijn-freesletters;;;;
Gevelreclame;Wat is lichtreclame? LED & neon verlichting;wat-is-lichtreclame;https://signcompany.nl/kennisbank/gevelreclame-wat-is-lichtreclame;;;;
Autobelettering;Wat is autobelettering? Complete gids;wat-is-autobelettering;https://signcompany.nl/kennisbank/autobelettering-wat-is-autobelettering;;;;
Autobelettering;Wat is carwrapping? Volledige kleurverandering;wat-is-carwrapping;https://signcompany.nl/kennisbank/autobelettering-wat-is-carwrapping;;;;
Raamfolie;Wat is raamfolie? Types & toepassingen;wat-is-raamfolie;https://signcompany.nl/kennisbank/raamfolie-wat-is-raamfolie;;;;
Interieur;Wat is bewegwijzering? Routing & wayfinding;wat-is-bewegwijzering;https://signcompany.nl/kennisbank/interieur-wat-is-bewegwijzering;;;;
Interieur;Wat is interieurbranding? Merkbeleving binnen;wat-is-interieurbranding;https://signcompany.nl/kennisbank/interieur-wat-is-interieurbranding;;;;
